Team,Games,Win-Loss,Time of Possession,Average Time of Possession per Game
Wisconsin (Big Ten),14,10-4,498:48,35:37
Air Force (Mountain West),13,11-2,448:07,34:28
Utah (Pac-12),14,11-3,480:36,34:19
Minnesota (Big Ten),13,11-2,444:42,34:12
Buffalo (MAC),13,8-5,443:39,34:07
San Diego St. (Mountain West),13,10-3,440:04,33:51
Indiana (Big Ten),13,8-5,438:31,33:43
Navy (AAC),13,11-2,435:26,33:29
Kansas St. (Big 12),13,8-5,434:52,33:27
Coastal Carolina (Sun Belt),12,5-7,400:53,33:24
Texas A&M (SEC),13,8-5,430:26,33:06
Virginia (ACC),14,9-5,462:48,33:03
Ga. Southern (Sun Belt),13,7-6,428:36,32:58
Army West Point (FBS Independent),13,5-8,428:07,32:55
TCU (Big 12),12,5-7,395:04,32:55
NIU (MAC),12,5-7,393:04,32:45
UConn (AAC),12,2-10,391:27,32:37
Georgia (SEC),14,12-2,451:49,32:16
Stanford (Pac-12),12,4-8,386:14,32:11
Kentucky (SEC),13,8-5,418:00,32:09
UTEP (C-USA),12,1-11,385:26,32:07
Iowa (Big Ten),13,10-3,416:22,32:01
Western Ky. (C-USA),13,9-4,416:03,32:00
Charlotte (C-USA),13,7-6,415:53,31:59
Ohio St. (Big Ten),14,13-1,447:31,31:57
Cincinnati (AAC),14,11-3,445:42,31:50
Nevada (Mountain West),13,7-6,413:08,31:46
Ohio (MAC),13,7-6,412:40,31:44
Mississippi St. (SEC),13,6-7,411:31,31:39
UAB (C-USA),14,9-5,442:37,31:36
Southern Miss. (C-USA),13,7-6,409:35,31:30
Rice (C-USA),12,3-9,377:38,31:28
Louisville (ACC),13,8-5,408:54,31:27
Michigan St. (Big Ten),13,7-6,408:08,31:23
Hawaii (Mountain West),15,10-5,470:30,31:22
App State (Sun Belt),14,13-1,438:26,31:19
Boise St. (Mountain West),14,12-2,436:47,31:11
Houston (AAC),12,4-8,373:12,31:06
Oklahoma (Big 12),14,12-2,434:30,31:02
Marshall (C-USA),13,8-5,402:34,30:58
Virginia Tech (ACC),13,8-5,400:41,30:49
Texas (Big 12),13,8-5,400:06,30:46
Louisiana Tech (C-USA),13,10-3,399:38,30:44
Old Dominion (C-USA),12,1-11,368:46,30:43
Pittsburgh (ACC),13,8-5,398:46,30:40
Tulsa (AAC),12,4-8,367:51,30:39
Tulane (AAC),13,7-6,397:52,30:36
Wyoming (Mountain West),13,8-5,397:45,30:35
Colorado (Pac-12),12,5-7,367:05,30:35
Memphis (AAC),14,12-2,427:25,30:31
Iowa St. (Big 12),13,7-6,395:15,30:24
BYU (FBS Independent),13,7-6,395:05,30:23
LSU (SEC),15,15-0,455:44,30:22
UCLA (Pac-12),12,4-8,364:22,30:21
Western Mich. (MAC),13,7-6,394:39,30:21
North Carolina (ACC),13,7-6,394:15,30:19
Central Mich. (MAC),14,8-6,424:26,30:19
Wake Forest (ACC),13,8-5,394:05,30:18
Ball St. (MAC),12,5-7,363:20,30:16
Florida (SEC),13,11-2,393:22,30:15
Clemson (ACC),15,14-1,453:49,30:15
Miami (FL) (ACC),13,6-7,393:04,30:14
Colorado St. (Mountain West),12,4-8,362:47,30:13
Washington (Pac-12),13,8-5,391:30,30:06
Toledo (MAC),12,6-6,360:42,30:03
Northwestern (Big Ten),12,3-9,360:36,30:03
Louisiana (Sun Belt),14,11-3,420:39,30:02
Rutgers (Big Ten),12,2-10,360:27,30:02
UNLV (Mountain West),12,4-8,360:14,30:01
Alabama (SEC),13,11-2,389:58,29:59
New Mexico (Mountain West),12,2-10,359:06,29:55
Missouri (SEC),12,6-6,358:49,29:54
Auburn (SEC),13,9-4,385:10,29:37
Georgia St. (Sun Belt),13,7-6,385:00,29:36
East Carolina (AAC),12,4-8,354:48,29:34
Michigan (Big Ten),13,9-4,383:52,29:31
ULM (Sun Belt),12,5-7,353:03,29:25
Tennessee (SEC),13,8-5,381:44,29:21
California (Pac-12),13,8-5,381:44,29:21
Washington St. (Pac-12),13,6-7,381:23,29:20
NC State (ACC),12,4-8,352:00,29:20
UTSA (C-USA),12,4-8,351:59,29:19
Bowling Green (MAC),12,3-9,351:54,29:19
Syracuse (ACC),12,5-7,351:50,29:19
Temple (AAC),13,8-5,380:22,29:15
Arizona St. (Pac-12),13,8-5,379:57,29:13
Vanderbilt (SEC),12,3-9,350:01,29:10
Fresno St. (Mountain West),12,4-8,348:25,29:02
Duke (ACC),12,5-7,348:18,29:01
FIU (C-USA),13,6-7,376:34,28:58
Fla. Atlantic (C-USA),14,11-3,405:07,28:56
Nebraska (Big Ten),12,5-7,346:53,28:54
Southern California (Pac-12),13,8-5,375:23,28:52
SMU (AAC),13,10-3,375:20,28:52
Oklahoma St. (Big 12),13,8-5,374:59,28:50
Notre Dame (FBS Independent),13,11-2,372:59,28:41
Troy (Sun Belt),12,5-7,343:05,28:35
South Alabama (Sun Belt),12,2-10,342:36,28:33
Eastern Mich. (MAC),13,6-7,371:03,28:32
Oregon St. (Pac-12),12,5-7,341:32,28:27
West Virginia (Big 12),12,5-7,340:23,28:21
Baylor (Big 12),14,11-3,396:37,28:19
Oregon (Pac-12),14,12-2,395:35,28:15
Ole Miss (SEC),12,4-8,338:58,28:14
Texas Tech (Big 12),12,4-8,338:43,28:13
North Texas (C-USA),12,4-8,337:41,28:08
Miami (OH) (MAC),14,8-6,392:56,28:04
Penn St. (Big Ten),13,11-2,362:40,27:53
South Fla. (AAC),12,4-8,334:07,27:50
Boston College (ACC),13,6-7,361:32,27:48
Arkansas (SEC),12,2-10,333:26,27:47
Liberty (FBS Independent),13,8-5,360:37,27:44
Arkansas St. (Sun Belt),13,8-5,359:33,27:39
Purdue (Big Ten),12,4-8,331:10,27:35
Arizona (Pac-12),12,4-8,328:53,27:24
New Mexico St. (FBS Independent),12,2-10,326:39,27:13
South Carolina (SEC),12,4-8,324:17,27:01
Middle Tenn. (C-USA),12,4-8,323:42,26:58
Texas St. (Sun Belt),12,3-9,320:56,26:44
Kansas (Big 12),12,3-9,320:40,26:43
Georgia Tech (ACC),12,3-9,320:31,26:42
Akron (MAC),12,0-12,317:52,26:29
UCF (AAC),13,10-3,344:14,26:28
San Jose St. (Mountain West),12,5-7,317:20,26:26
Florida St. (ACC),13,6-7,341:19,26:15
Massachusetts (FBS Independent),12,1-11,314:59,26:14
Kent St. (MAC),13,7-6,340:06,26:09
Illinois (Big Ten),13,6-7,338:27,26:02
Maryland (Big Ten),12,3-9,309:04,25:45
Utah St. (Mountain West),13,7-6,324:53,24:59
